{
  "current": "Default",
  "presets": {
    "Default": {
      "sections": {
        "featured-collection": {
          "type": "featured-collection",
          "settings": {
            "collection": "frontpage"
          }
        },
        "featured-product": {
          "type": "featured-product"
        },
        "related-products": {
          "type": "related-products"
        }
      },
      "content_for_index": [
        "collection-list",
        "featured-collection",
        "featured-product"
      ]
    }
  }
}
